{
    "total_lung_CD8": [
        792296.511627907,
        603062.678062678,
        1046561.70409817,
        506931.407942238,
        704464.285714286,
        951071.514567782,
        387801.350048216,
        307793.153678077,
        579028.010533876,
        157080.41958042,
        243342.391304348,
        513422.230874051
    ],
    "donor_lung_CD8": [
        218.023255813953,
        712.250712250712,
        277.842093077101,
        577.617328519856,
        289.57528957529,
        505.658560077053,
        650.916104146577,
        364.166059723234,
        1077.32822599952,
        786.713286713287,
        494.953416149068,
        1605.99571734475
    ],
    "total_circ_CD8": [
        655305.23255814,
        554629.62962963,
        736212.086131049,
        645415.162454874,
        528185.328185328,
        568432.458463761,
        324083.895853423,
        315222.141296431,
        337993.775436916,
        236975.524475524,
        205900.621118012,
        177710.72610473
    ],
    "donor_circ_CD8": [
        1526.16279069767,
        2635.32763532764,
        2778.42093077101,
        2382.6714801444,
        1375.48262548263,
        1661.44955453889,
        2675.98842815815,
        2403.49599417334,
        3591.09408666507,
        3496.5034965035,
        1717.77950310559,
        1605.99571734475
    ],
    "total_lung_CD4": [
        581104.651162791,
        613247.863247863,
        869715.211854596,
        305776.173285199,
        905284.749034749,
        887503.009872381,
        420925.74734812,
        285651.857246905,
        520708.642566435,
        205332.167832168,
        297583.462732919,
        419252.481993381
    ],
    "donor_lung_CD4": [
        1744.18604651163,
        1994.30199430199,
        3056.26302384811,
        866.425992779783,
        434.362934362934,
        2311.58198892367,
        1808.10028929605,
        655.498907501821,
        2082.83457026574,
        466.200466200466,
        320.26397515528,
        759.197975472065
    ],
    "total_circ_CD4": [
        485247.093023256,
        535612.535612536,
        489766.14957166,
        533212.996389892,
        450072.393822394,
        410089.09222249,
        269768.56316297,
        250546.249089585,
        237730.428537228,
        257517.482517483,
        271205.357142857,
        217889.818960483
    ],
    "donor_circ_CD4": [
        3270.3488372093,
        4558.40455840456,
        4931.69715211855,
        2310.46931407942,
        1375.48262548263,
        3539.60992053937,
        3326.90453230473,
        2330.6627822287,
        3734.73785013167,
        3525.64102564103,
        1921.58385093168,
        1547.59587307767
    ],
    "time": [
        0,
        2,
        4,
        6
    ],
    "time_rep": [
        0,
        0,
        0,
        2,
        2,
        2,
        4,
        4,
        4,
        6,
        6,
        6
    ],
    "nDR8": [
        3,
        10,
        4,
        8,
        4,
        7,
        9,
        5,
        15,
        27,
        17,
        55
    ],
    "nDC8": [
        21,
        37,
        40,
        33,
        19,
        23,
        37,
        33,
        50,
        120,
        59,
        55
    ],
    "nHC8": [
        8996,
        7750,
        10559,
        8906,
        7277,
        7846,
        4444,
        4295,
        4656,
        8013,
        7013,
        6031
    ],
    "nHR8": [
        10899,
        8457,
        15063,
        7013,
        9727,
        13159,
        5353,
        4221,
        8047,
        5364,
        8341,
        17528
    ],
    "nDR4": [
        24,
        28,
        44,
        12,
        6,
        32,
        25,
        9,
        29,
        16,
        11,
        26
    ],
    "nDC4": [
        45,
        64,
        71,
        32,
        19,
        49,
        46,
        32,
        52,
        121,
        66,
        53
    ],
    "nHC4": [
        6632,
        7456,
        6980,
        7353,
        6198,
        5628,
        3684,
        3408,
        3258,
        8717,
        9249,
        7409
    ],
    "nHR4": [
        7972,
        8582,
        12477,
        4223,
        12499,
        12254,
        5795,
        3913,
        7221,
        7031,
        10210,
        14332
    ]
}